Variant,wt,position,mt,ddG
L33P,L,33,P,0.31
R204Q,R,204,Q,-0.3
G215S,G,215,S,0.92
R325Q,R,325,Q,-0.21
A414G,A,414,G,-0.86
R463H,R,463,H,-1.64
A589V,A,589,V,-0.77
L620P,L,620,P,-2.39
A676T,A,676,T,-0.19
R680Q,R,680,Q,0.08
N718T,N,718,T,-0.87
D726Y,D,726,Y,-0.2
A742V,A,742,V,0.86
Q758H,Q,758,H,-0.85
G826R,G,826,R,-0.68
A845V,A,845,V,-1.74
R880Q,R,880,Q,-1.58
V885I,V,885,I,0.62
D964E,D,964,E,0.02
R989H,R,989,H,-2.26
T1106M,T,1106,M,-0.26
R1123Q,R,1123,Q,-0.45
C1150S,C,1150,S,0.94
R1218H,R,1218,H,-0.39
R1237H,R,1237,H,-1.36
V1244M,V,1244,M,-1.06
R1349W,R,1349,W,-0.11
G1374S,G,1374,S,0.38
R1400H,R,1400,H,0.05
R1505H,R,1505,H,-1.42
G1527A,G,1527,A,1.08
V1599M,V,1599,M,-0.61
S1629L,S,1629,L,-1.08
V1643M,V,1643,M,-0.35
Q1686R,Q,1686,R,-0.66
I1690T,I,1690,T,-2.29
S1723L,S,1723,L,-0.64
G1731S,G,1731,S,-1.82
R1778H,R,1778,H,-1.47
G1820S,G,1820,S,-0.35
A1919S,A,1919,S,-1.06
R1932C,R,1932,C,0.05
L1938V,L,1938,V,0.44
P1952R,P,1952,R,-0.85
C1988F,C,1988,F,-0.81
A2045S,A,2045,S,-1.62
F2071C,F,2071,C,-1.56
F2100S,F,2100,S,-1.88